Objective(s),Epic,FR ID,Requirement,Priority,Release,Business rules,User stories,Acceptance criteria,API operations,Test cases,Verification status
OBJ-01; OBJ-06,EP-01,FR-ONB-01,"The system shall allow a prospective agency to self-register by entering owner details, agency legal details (legal name, EIN, registered address, time zone) and selecting a plan and one or more service lines.",Must,R1,,US-001,5,GET /plans; POST /signups,TC-ONB-001,Verified
OBJ-01; OBJ-06,EP-01,FR-ONB-02,The system shall verify the owner's email address through a single-use link valid for 24 hours before the tenant is activated.,Must,R1,,US-003,5,POST /signups; POST /signups/{signupId}/verify-email,TC-ONB-002,Verified
OBJ-01; OBJ-06,EP-01,FR-ONB-03,"The system shall validate a promo or trial code at sign-up (exists, active, not expired, redemptions remaining, eligible for the selected plan) and show its price effect before the agency submits.",Must,R1,BR-002; BR-004,US-002,5,POST /promo-codes/validate; POST /signups,TC-ONB-003,Verified
OBJ-01; OBJ-06,EP-01,FR-ONB-04,"On activation the system shall provision the tenant with default role templates, credential types, EVV reason codes, notification templates, escalation ladders and settings.",Must,R1,,US-001,5,POST /signups/{signupId}/verify-email,TC-ONB-002,Verified
OBJ-01; OBJ-06,EP-01,FR-ONB-05,"The system shall show a setup checklist (location, service lines, payer, first caregiver, first client, first schedule) and track completion.",Should,R1,,US-003,5,POST /signups/{signupId}/verify-email,TC-ONB-002,Verified
OBJ-01; OBJ-06,EP-01,FR-ONB-06,The system shall bill the subscription monthly in advance per active client seat and prorate seat increases within the billing cycle.,Must,R1,BR-002,US-004,6,GET /subscription; PATCH /subscription; POST /webhooks/payments,TC-ONB-004,Verified
OBJ-01; OBJ-06,EP-01,FR-ONB-07,"The system shall move a tenant to Read-only 7 days after trial expiry or after a payment fails three retries, and return it to Active when payment succeeds.",Must,R1,BR-003,US-006,6,GET /subscription; PATCH /subscription; POST /webhooks/payments,TC-ONB-005; TC-NFR-016,Verified
OBJ-01; OBJ-06,EP-01,FR-ONB-08,"The Platform Administrator shall be able to create, edit and retire plans and promo codes; a retired plan stays on existing subscriptions until changed.",Must,R1,BR-004,US-005,5,GET /platform/plans; PATCH /platform/plans/{planId}; PATCH /platform/promo-codes/{promoCodeId}; POST /platform/plans; POST /platform/promo-codes,TC-ONB-006,Verified
OBJ-01; OBJ-06,EP-02,FR-IAM-01,The system shall authenticate users by email and password and require a second factor (authenticator app TOTP or SMS one-time code) for roles flagged MFA-mandatory.,Must,R1,BR-006; BR-007,US-007,6,POST /auth/login; POST /auth/mfa/verify,TC-IAM-001; TC-IAM-002,Verified
OBJ-01; OBJ-06,EP-02,FR-IAM-02,"The system shall let a user reset a forgotten password through a single-use link valid for 30 minutes, without revealing whether the email is registered.",Must,R1,BR-007,US-008,5,POST /auth/password/forgot; POST /auth/password/reset,TC-IAM-002,Verified
OBJ-01; OBJ-06,EP-02,FR-IAM-03,The system shall lock an account for 15 minutes after 5 consecutive failed sign-in attempts and email the account owner.,Must,R1,,US-010,5,POST /auth/login; POST /auth/mfa/verify,TC-IAM-003,Verified
OBJ-01; OBJ-06,EP-02,FR-IAM-04,"The system shall end a web session after 15 minutes of inactivity, with a warning 60 seconds before, and require mobile users to re-authenticate with device PIN or biometrics after 12 hours.",Must,R1,,US-010,5,POST /auth/logout; POST /auth/refresh,TC-IAM-004,Verified
OBJ-01; OBJ-06,EP-02,FR-IAM-05,"The Agency Administrator shall be able to assign role templates to a user and grant or deny individual permissions (resource:action) as overrides, seeing the resulting effective permissions before saving.",Must,R1,BR-005,US-009,6,GET /users; GET /users/{userId}/effective-permissions; PATCH /users/{userId}; POST /users; PUT /users/{userId}/permission-overrides; PUT /users/{userId}/roles,TC-IAM-005,Verified
OBJ-01; OBJ-06,EP-02,FR-IAM-06,"The system shall enforce permissions server-side on every request and limit data to the user's tenant and, where location scoping applies, to the user's assigned locations.",Must,R1,BR-001,US-009,6,GET /clients; GET /users; PATCH /users/{userId},TC-IAM-006; TC-IAM-007; TC-NFR-008,Verified
OBJ-01; OBJ-06,EP-02,FR-IAM-07,A Platform Support Agent shall be able to request time-boxed access (maximum 4 hours) to a tenant; access starts only after the Agency Administrator approves it and can be revoked at any time.,Should,R1,BR-008,US-011,5,POST /support-access-grants; POST /support-access-grants/{grantId}/approve; POST /support-access-grants/{grantId}/revoke,TC-IAM-008,Verified
OBJ-01; OBJ-06,EP-02,FR-IAM-08,"The system shall record every sign-in attempt with outcome, IP address, device and timestamp.",Must,R1,,US-007,6,POST /auth/login; POST /auth/mfa/verify,TC-IAM-001; TC-IAM-003,Verified
OBJ-01; OBJ-06,EP-03,FR-CLI-01,"The system shall create a client record with demographics, geocoded service address, contacts, primary language, allergies, diagnoses (ICD-10-CM codes) and payer details.",Must,R1,,US-012,6,GET /clients; GET /clients/{clientId}; PATCH /clients/{clientId}; POST /clients,TC-CLI-001,Verified
OBJ-01; OBJ-06,EP-03,FR-CLI-02,"The system shall warn of a possible duplicate client (same first name, last name and date of birth, or same Medicaid ID) and require confirmation before saving.",Should,R1,,US-012,6,POST /clients,TC-CLI-002,Verified
OBJ-01; OBJ-06,EP-03,FR-CLI-03,"The system shall maintain service authorizations per client: payer, service line, service code, authorized units, unit type, period start and end, billing model and rate.",Must,R1,BR-009,US-013,5,GET /clients/{clientId}/authorizations; POST /clients/{clientId}/authorizations,TC-CLI-003; TC-SCH-004,Verified
OBJ-01; OBJ-06,EP-03,FR-CLI-04,The system shall show remaining authorized units (authorized minus scheduled minus delivered) and flag authorizations at 90% or more utilization or expiring within 14 days.,Must,R1,BR-010,US-013,5,GET /clients/{clientId}/authorizations,TC-CLI-004; TC-SCH-004,Verified
OBJ-01; OBJ-06,EP-03,FR-CLI-05,The system shall manage versioned care plans with ADL/IADL tasks per visit type; a care plan becomes Active only after Clinical Supervisor approval and earlier versions stay read-only.,Must,R1,BR-012,US-014,5,POST /care-plans/{carePlanId}/approve; POST /clients/{clientId}/care-plans,TC-CLI-005,Verified
OBJ-01; OBJ-06,EP-03,FR-CLI-06,The system shall mask PHI fields in lists and detail views by default and let authorized users reveal a field after entering a reason; every reveal is audited.,Must,R1,BR-011,US-015,5,GET /clients; GET /clients/{clientId}; POST /clients/{clientId}/phi-reveals,TC-CLI-006,Verified
OBJ-01; OBJ-06,EP-03,FR-CLI-07,"The system shall discharge a client with a date and reason, cancel visits after the discharge date and notify affected caregivers.",Must,R1,BR-013,US-016,5,POST /clients/{clientId}/discharge,TC-CLI-007,Verified
OBJ-01; OBJ-06,EP-03,FR-CLI-08,The system shall record client-caregiver preferences and exclusions used by scheduling checks.,Should,R1,BR-017,US-012,6,PATCH /clients/{clientId}; POST /clients,TC-CLI-008,Verified
OBJ-02; OBJ-05,EP-04,FR-WRK-01,"The system shall create caregiver profiles (personal details, employment type, hire date, locations, skills, languages) and send a mobile app invitation.",Must,R1,,US-017,6,GET /caregivers; PATCH /caregivers/{caregiverId}; POST /caregivers,TC-WRK-001,Verified
OBJ-02; OBJ-05,EP-04,FR-WRK-02,"The system shall track credentials per caregiver against tenant-defined credential types with issue date, expiry date and document, and recompute status (Valid, Expiring, Expired) daily.",Must,R1,BR-014,US-018,6,GET /caregivers; GET /credentials; POST /caregivers/{caregiverId}/credentials,TC-WRK-002,Verified
OBJ-02; OBJ-05,EP-04,FR-WRK-03,The system shall let each credential type be set as Blocking (an expired credential prevents scheduling) or Advisory.,Must,R1,BR-014,US-018,6,POST /caregivers/{caregiverId}/credentials,TC-WRK-003,Verified
OBJ-02; OBJ-05,EP-04,FR-WRK-04,"The system shall notify the caregiver and Care Coordinator 30, 14 and 1 days before a credential expires.",Must,R1,,US-018,6,GET /credentials,TC-WRK-004,Verified
OBJ-02; OBJ-05,EP-04,FR-WRK-05,"The system shall maintain an effective-dated pay profile per caregiver: pay type, base rate, overtime eligibility (non-exempt), holiday pay eligibility and mileage eligibility.",Must,R1,BR-015,US-019,5,PUT /caregivers/{caregiverId}/pay-profiles,TC-WRK-005,Verified
OBJ-02; OBJ-05,EP-04,FR-WRK-06,The system shall deactivate a caregiver by revoking sessions immediately and moving future visits to the Open Shifts queue.,Must,R1,,US-017,6,POST /auth/refresh; POST /caregivers/{caregiverId}/deactivate,TC-WRK-006; TC-NFR-005,Verified
OBJ-01; OBJ-05; OBJ-06,EP-05,FR-SCH-01,"The system shall create recurring visit patterns (weekdays, start and end time, service, client, caregiver, location, end date or open-ended) and materialize visits for a rolling 8-week horizon.",Must,R1,BR-018,US-020,6,POST /visit-patterns,TC-SCH-001; TC-SCH-002; TC-NFR-018,Verified
OBJ-01; OBJ-05; OBJ-06,EP-05,FR-SCH-02,The system shall create one-off visits.,Must,R1,,US-022,5,POST /visits,TC-SCH-005,Verified
OBJ-01; OBJ-05; OBJ-06,EP-05,FR-SCH-03,"The system shall run compliance checks on every visit create or edit (caregiver overlap, travel buffer, blocking credentials, client exclusions, authorization coverage and remaining units, approved time off) and return each result as a hard block or a warning.",Must,R1,BR-009; BR-010; BR-014; BR-016; BR-017; BR-039,US-021,6,PATCH /visits/{visitId}; POST /visit-patterns; POST /visits; POST /visits/compliance-checks,TC-CLI-008; TC-WRK-003; TC-SCH-003; TC-SCH-004; TC-TOF-002,Verified
OBJ-01; OBJ-05; OBJ-06,EP-05,FR-SCH-04,The system shall edit or cancel a single occurrence or this-and-following occurrences; cancellation requires a reason code.,Must,R1,BR-019,US-022,5,PATCH /visits/{visitId}; POST /visits/{visitId}/cancel,TC-SCH-002; TC-SCH-005; TC-SCH-008,Verified
OBJ-01; OBJ-05; OBJ-06,EP-05,FR-SCH-05,"The system shall publish unassigned visits as Open Shifts to eligible caregivers; the first eligible claim wins, subject to Coordinator confirmation when the tenant enables it.",Should,R1,,US-023,5,GET /open-shifts; POST /visits/{visitId}/claim,TC-WRK-006; TC-SCH-006,Verified
OBJ-01; OBJ-05; OBJ-06,EP-05,FR-SCH-06,"The system shall provide a schedule board by day and week with filters (location, service line, caregiver, client, status) and color-coded visit status.",Must,R1,,US-024,5,GET /visits,TC-SCH-007; TC-NFR-003; TC-NFR-009,Covered - open defect
OBJ-01; OBJ-05; OBJ-06,EP-05,FR-SCH-07,"The system shall notify a caregiver of new, changed and cancelled visits within 1 minute of the change.",Must,R1,,US-020,6,PATCH /visits/{visitId}; POST /clients/{clientId}/discharge; POST /visit-patterns; POST /visits; POST /visits/{visitId}/cancel,TC-CLI-007; TC-SCH-001,Verified
OBJ-01; OBJ-02; OBJ-04,EP-06,FR-EVV-01,The system shall let a caregiver clock in to an assigned visit from the mobile app from 15 minutes before the scheduled start until the scheduled end.,Must,R1,BR-023,US-025,6,POST /visits/{visitId}/clock-in,TC-EVV-001; TC-NFR-002; TC-NFR-010,Covered - open defect
OBJ-01; OBJ-02; OBJ-04,EP-06,FR-EVV-02,"On clock-in and clock-out the system shall capture GPS coordinates and accuracy, device time, server receipt time and device ID, and compute the distance to the client's service address on the server.",Must,R1,BR-020; BR-021,US-025,6,POST /evv/punches/sync; POST /visits/{visitId}/clock-in; POST /visits/{visitId}/clock-out,TC-EVV-002; TC-EVV-003; TC-NFR-011; TC-NFR-012,Verified
OBJ-01; OBJ-02; OBJ-04,EP-06,FR-EVV-03,"The system shall raise a Location mismatch exception when the computed distance exceeds the client's geofence radius and the GPS fix meets the accuracy threshold (otherwise Low GPS accuracy is raised, BR-022), without blocking the punch.",Must,R1,BR-021; BR-022,US-025,6,POST /evv/punches/sync; POST /visits/{visitId}/clock-in; POST /visits/{visitId}/clock-out,TC-EVV-003; TC-EVV-004; TC-EVV-005,Verified
OBJ-01; OBJ-02; OBJ-04,EP-06,FR-EVV-04,"Where the tenant enables identity verification, the system shall require a selfie liveness check matched server-side against the caregiver's enrolled reference; a successful result is valid for 90 seconds.",Should,R1,BR-024,US-026,6,POST /visits/{visitId}/clock-in; POST /visits/{visitId}/identity-checks,TC-EVV-006; TC-NFR-002,Covered - blocked
OBJ-01; OBJ-02; OBJ-04,EP-06,FR-EVV-05,The system shall support offline clock-in and clock-out by storing encrypted punches on the device and syncing them when connectivity returns; punches synced more than 24 hours after capture are flagged.,Must,R1,BR-025,US-027,6,POST /evv/punches/sync,TC-EVV-007; TC-NFR-005; TC-NFR-012,Verified
OBJ-01; OBJ-02; OBJ-04,EP-06,FR-EVV-06,"At clock-out the system shall require a status for each care-plan task (Done, or Not done with a reason) and a visit note where the care plan requires one.",Must,R1,,US-028,6,POST /visits/{visitId}/clock-out; POST /visits/{visitId}/notes,TC-CLI-005; TC-EVV-008,Verified
OBJ-01; OBJ-02; OBJ-04,EP-06,FR-EVV-07,"The system shall raise visit exceptions automatically: Late start, Early end, Location mismatch, Low GPS accuracy, Missing clock-out, Unscheduled visit, Late offline sync, Auto-closed, Identity check failed.",Must,R1,BR-022; BR-023,US-029,6,GET /visit-exceptions; POST /evv/punches/sync; POST /visits/{visitId}/clock-in; POST /visits/{visitId}/clock-out,TC-EVV-001; TC-EVV-004; TC-EVV-005; TC-EVV-006; TC-EVV-007; TC-EVV-009,Covered - blocked
OBJ-01; OBJ-02; OBJ-04,EP-06,FR-EVV-08,"The system shall give Care Coordinators an exception review queue; any time correction requires a reason code and note, and original punches are kept unchanged (append-only).",Must,R1,BR-026,US-029,6,GET /visit-exceptions; POST /visit-exceptions/{exceptionId}/resolve; POST /visits/{visitId}/time-corrections,TC-EVV-010,Verified
OBJ-01; OBJ-02; OBJ-04,EP-06,FR-EVV-09,"The system shall auto-close a visit left open for 14 hours, raise an Auto-closed exception and exclude the visit from pay and billing until it is resolved.",Must,R1,BR-027,US-030,5,,TC-EVV-011,Verified
OBJ-01; OBJ-02; OBJ-04,EP-06,FR-EVV-10,"The system shall mark a visit Verified when it has a clock-in, a clock-out, all six EVV data elements and no open exception.",Must,R1,BR-019; BR-020; BR-028,US-029,6,POST /visit-exceptions/{exceptionId}/resolve; POST /visits/{visitId}/clock-out,TC-SCH-008; TC-EVV-002; TC-EVV-012; TC-NFR-017,Verified
OBJ-03,EP-07,FR-MAR-01,"The system shall record medication orders (drug, strength, form, dose, route, schedule times, start and end date, prescriber, instructions, PRN flag); an order becomes Active only after Clinical Supervisor approval.",Must,R1,,US-031,5,POST /clients/{clientId}/medication-orders; POST /medication-orders/{orderId}/approve; POST /medication-orders/{orderId}/discontinue,TC-MAR-001,Verified
OBJ-03,EP-07,FR-MAR-02,The system shall generate dose tasks from active scheduled orders for a rolling 7-day window and show due doses on the caregiver's visit screen.,Must,R1,BR-029,US-032,6,GET /dose-tasks; POST /medication-orders/{orderId}/approve,TC-MAR-002,Verified
OBJ-03,EP-07,FR-MAR-03,"The system shall record a dose outcome (Given, Refused, Held, Not available, Self-administered with supervision) with the administration time, and require a reason for Refused, Held and Not available.",Must,R1,BR-029; BR-032,US-032,6,POST /dose-tasks/{doseTaskId}/outcome,TC-MAR-003,Verified
OBJ-03,EP-07,FR-MAR-04,"The system shall set a dose to Missed - undocumented when no outcome is recorded 60 minutes after its administration window closes, start the missed-dose escalation, and allow a late entry within 24 hours of the scheduled time.",Must,R1,BR-030; BR-031,US-033,5,GET /dose-tasks; POST /dose-tasks/{doseTaskId}/outcome,TC-MAR-004; TC-MAR-005,Verified
OBJ-03,EP-07,FR-MAR-05,The system shall require an indication for each PRN administration and block it when the maximum doses per 24 hours or the minimum interval would be exceeded.,Must,R1,BR-033,US-034,6,POST /medication-orders/{orderId}/prn-administrations,TC-MAR-007,Verified
OBJ-03,EP-07,FR-MAR-06,The system shall alert the Clinical Supervisor after 2 consecutive Refused or Held outcomes for the same order.,Should,R1,BR-032,US-033,5,POST /dose-tasks/{doseTaskId}/outcome,TC-MAR-006,Verified
OBJ-03,EP-07,FR-MAR-07,"The system shall record vital readings (blood pressure, pulse, temperature, SpO2, respiration rate, blood glucose, weight, pain score) with time and method.",Must,R1,,US-035,6,POST /clients/{clientId}/vital-readings,TC-MAR-008,Verified
OBJ-03,EP-07,FR-MAR-08,The system shall hold per-client vital ranges; an out-of-range reading sends an urgent alert to the Clinical Supervisor and shows the care-plan instruction to the caregiver.,Must,R1,BR-034,US-035,6,POST /clients/{clientId}/vital-readings; PUT /clients/{clientId}/vital-ranges,TC-MAR-008,Verified
OBJ-03,EP-07,FR-MAR-09,The system shall show a printable monthly MAR grid per client.,Should,R1,,US-032,6,GET /clients/{clientId}/mar,TC-MAR-009,Covered - open defect
OBJ-01,EP-08,FR-DOC-01,The system shall let a caregiver write a visit note (structured fields and narrative) linked to the visit.,Must,R1,,US-036,5,POST /visits/{visitId}/clock-out; POST /visits/{visitId}/notes,TC-EVV-008; TC-DOC-001,Verified
OBJ-01,EP-08,FR-DOC-02,"The system shall lock a visit note 24 hours after clock-out; after locking only signed, time-stamped addenda can be added.",Must,R1,BR-035,US-036,5,POST /visit-notes/{noteId}/addenda; POST /visits/{visitId}/notes,TC-DOC-001,Verified
OBJ-01,EP-08,FR-DOC-03,"The system shall let staff report a client incident (fall, injury, medication error, behavioral, suspected abuse or neglect, property damage, other) with time, place, description, people involved, immediate actions and photos.",Must,R1,,US-037,6,POST /client-incidents,TC-DOC-002,Verified
OBJ-01,EP-08,FR-DOC-04,The system shall notify the Clinical Supervisor and Agency Administrator immediately for incidents of High severity or category Suspected abuse or neglect.,Must,R1,BR-036,US-037,6,POST /client-incidents,TC-DOC-002,Verified
OBJ-01,EP-08,FR-DOC-05,"The system shall let the Clinical Supervisor record investigation notes, root cause, corrective actions, reportable flag and external report reference; the incident closes only when every corrective action is complete.",Must,R1,BR-037,US-038,6,PATCH /client-incidents/{incidentId}; POST /client-incidents/{incidentId}/actions; POST /client-incidents/{incidentId}/close,TC-DOC-003,Verified
OBJ-01,EP-08,FR-DOC-06,The system shall track external reporting deadlines per incident category and alert at 50% and 90% of the deadline.,Should,R1,BR-036,US-038,6,PATCH /client-incidents/{incidentId},TC-DOC-004,Verified
OBJ-01; OBJ-02,EP-09,FR-TOF-01,"The system shall let a caregiver request time off (leave type, dates, partial-day hours, note).",Must,R1,,US-039,5,POST /time-off-requests,TC-TOF-001,Verified
OBJ-01; OBJ-02,EP-09,FR-TOF-02,"The system shall flag requests made with less than 7 days' notice, except Sick leave, as Short notice.",Should,R1,BR-038,US-039,5,POST /time-off-requests,TC-TOF-001,Verified
OBJ-01; OBJ-02,EP-09,FR-TOF-03,The system shall show the approver the visits affected by a request before deciding; approval moves those visits to Open Shifts.,Must,R1,BR-039,US-040,6,GET /time-off-requests/{requestId}/impact; POST /time-off-requests/{requestId}/decision,TC-TOF-002,Verified
OBJ-01; OBJ-02,EP-09,FR-TOF-04,"The system shall track leave balances per leave type with accrual per hours worked, using a tenant-configured rate and cap.",Should,R1,BR-040,US-039,5,GET /caregivers/{caregiverId}/leave-balances; POST /time-off-requests,TC-TOF-003,Verified
OBJ-01; OBJ-02,EP-09,FR-TOF-05,The system shall maintain a tenant holiday calendar used by scheduling and payroll.,Must,R1,BR-042,US-040,6,GET /holidays; POST /holidays,TC-TOF-004; TC-PAY-004,Verified
OBJ-02,EP-10,FR-PAY-01,"The system shall support weekly, bi-weekly and semi-monthly pay periods per tenant.",Must,R1,,US-041,6,GET /pay-periods,TC-PAY-001,Verified
OBJ-02,EP-10,FR-PAY-02,"The system shall calculate per caregiver per period: regular hours, overtime hours, holiday-worked hours, paid travel time, PTO hours and mileage reimbursement, using Verified visits and approved time only.",Must,R1,BR-028; BR-040; BR-041; BR-042; BR-043; BR-044,US-041,6,GET /pay-periods/{periodId}/summary,TC-WRK-005; TC-EVV-012; TC-TOF-003; TC-TOF-004; TC-PAY-002; TC-PAY-003; TC-PAY-004; TC-PAY-005; TC-PAY-006; TC-PAY-007; TC-NFR-004; TC-NFR-011,Verified
OBJ-02,EP-10,FR-PAY-03,The system shall merge overlapping time from different sources so that no minute is paid twice.,Must,R1,BR-045,US-041,6,GET /pay-periods/{periodId}/summary,TC-PAY-003; TC-PAY-008,Verified
OBJ-02,EP-10,FR-PAY-04,The system shall show a pre-export review listing caregivers with open exceptions or unverified visits in the period.,Must,R1,,US-042,5,GET /pay-periods/{periodId}/pre-export-review,TC-EVV-011; TC-PAY-009,Verified
OBJ-02,EP-10,FR-PAY-05,"The system shall export payroll as CSV using a configurable column mapping, and lock the period on export.",Must,R1,BR-046,US-042,5,POST /pay-periods/{periodId}/exports,TC-PAY-010,Verified
OBJ-02,EP-10,FR-PAY-06,"The system shall turn changes that affect a locked period into adjustment lines in the next open period, referencing the original visit.",Must,R1,BR-046,US-043,5,POST /pay-periods/{periodId}/exports; POST /visits/{visitId}/time-corrections,TC-PAY-011,Verified
OBJ-04; OBJ-06,EP-11,FR-BIL-01,"The system shall run billing per period and create one draft invoice per client per payer from Verified visits; a run is idempotent per tenant, client, payer and period.",Must,R1,BR-028; BR-050,US-044,6,POST /billing-runs,TC-EVV-012; TC-BIL-001; TC-BIL-006; TC-BIL-007; TC-NFR-004,Verified
OBJ-04; OBJ-06,EP-11,FR-BIL-02,"The system shall price each visit using the billing model of its matching authorization: Hourly (15-minute units), Per visit, Daily rate or Fixed monthly, applying the tenant's unit rounding rule.",Must,R1,BR-047; BR-048,US-045,6,GET /invoices/{invoiceId}; POST /billing-runs,TC-BIL-002; TC-BIL-003; TC-BIL-005,Verified
OBJ-04; OBJ-06,EP-11,FR-BIL-03,The system shall cap billed units at the remaining authorized units; the excess is shown as a Not billable - exceeds authorization line and excluded from totals.,Must,R1,BR-049,US-045,6,GET /invoices/{invoiceId}; POST /billing-runs,TC-BIL-004,Verified
OBJ-04; OBJ-06,EP-11,FR-BIL-04,"The system shall move invoices through Draft, Approved, Issued, Partially paid, Paid, Overdue and Void; an issued invoice cannot be edited.",Must,R1,BR-051,US-044,6,GET /invoices; GET /invoices/{invoiceId}; POST /invoices/{invoiceId}/approve; POST /invoices/{invoiceId}/issue; POST /invoices/{invoiceId}/void,TC-BIL-008,Verified
OBJ-04; OBJ-06,EP-11,FR-BIL-05,The system shall send private-pay invoices with a card or ACH payment link and update payment status from the payment provider's webhook.,Must,R1,,US-046,6,POST /invoices/{invoiceId}/issue; POST /invoices/{invoiceId}/payment-links; POST /webhooks/payments,TC-BIL-009,Verified
OBJ-04; OBJ-06,EP-11,FR-BIL-06,The system shall export a payer claim batch (CSV) for submission through the agency's clearinghouse.,Should,R1,,US-047,4,POST /claim-batches,TC-BIL-010,Verified
OBJ-04; OBJ-06,EP-11,FR-BIL-07,The system shall issue a credit note with a reason against an issued invoice and recalculate the balance.,Must,R1,BR-051,US-048,4,POST /invoices/{invoiceId}/credit-notes,TC-BIL-011,Verified
OBJ-04; OBJ-06,EP-11,FR-BIL-08,"The system shall mark invoices Overdue after the due date (default net 30) and send reminders 1, 7 and 14 days after it.",Should,R1,BR-052,US-046,6,POST /invoices/{invoiceId}/issue,TC-BIL-012,Verified
OBJ-01; OBJ-03; OBJ-05,EP-12,FR-NTF-01,"The system shall deliver notifications by in-app, push, email and SMS according to event type and user preferences.",Must,R1,,US-049,5,GET /me/notification-preferences; GET /me/notifications; POST /me/notifications/{notificationId}/read; PUT /me/notification-preferences,TC-NTF-001,Verified
OBJ-01; OBJ-03; OBJ-05,EP-12,FR-NTF-02,The system shall hold non-urgent notifications during quiet hours (21:00-07:00 tenant local time); urgent events bypass quiet hours.,Must,R1,BR-053,US-049,5,GET /me/notification-preferences; PUT /me/notification-preferences,TC-MAR-004; TC-MAR-008; TC-DOC-002; TC-BIL-012; TC-NTF-001,Verified
OBJ-01; OBJ-03; OBJ-05,EP-12,FR-NTF-03,"The system shall run configurable escalation ladders per event type (steps, delay, recipient role) and stop escalating once the triggering condition is resolved; the first step may have a 0-minute delay and each later step starts at least 1 minute after the previous one.",Must,R1,BR-030; BR-054,US-050,6,GET /escalation-ladders; PUT /escalation-ladders/{eventType},TC-MAR-004; TC-NTF-002; TC-NTF-003,Verified
OBJ-01; OBJ-03; OBJ-05,EP-12,FR-NTF-04,"The system shall deduplicate notifications by event, recipient and escalation step, and retry failed deliveries up to 3 times with exponential backoff.",Must,R1,BR-055,US-050,6,PUT /escalation-ladders/{eventType},TC-WRK-004; TC-NTF-004,Verified
OBJ-01; OBJ-03; OBJ-05,EP-12,FR-NTF-05,"The system shall keep PHI out of SMS, push and email bodies, using generic text with a deep link that requires sign-in.",Must,R1,BR-056,US-049,5,GET /me/notifications; PUT /escalation-ladders/{eventType},TC-NTF-003; TC-NTF-005,Verified
OBJ-01; OBJ-06,EP-13,FR-RPT-01,"The system shall provide an operations dashboard: today's visits by status, open EVV exceptions, missed doses, expiring credentials, authorization utilization and unbilled Verified visits.",Must,R1,,US-051,5,GET /reports/operations-dashboard,TC-RPT-001,Verified
OBJ-01; OBJ-06,EP-13,FR-RPT-02,"The system shall provide standard reports (EVV compliance, visit history, caregiver hours, authorization utilization, MAR compliance, incident log, AR ageing) with filters and CSV/PDF export.",Must,R1,,US-051,5,GET /reports/{reportCode},TC-RPT-002,Verified
OBJ-01; OBJ-06,EP-13,FR-RPT-03,"The system shall keep an immutable audit log of creates, updates, deletes, PHI reveals, exports, sign-ins, permission changes and support access, filterable and exportable by the Agency Administrator.",Must,R1,BR-057,US-052,6,GET /audit-events; POST /audit-events/exports; POST /clients/{clientId}/phi-reveals,TC-IAM-008; TC-CLI-006; TC-RPT-003,Verified
OBJ-01; OBJ-06,EP-13,FR-RPT-04,"The system shall watermark every export with user, tenant and timestamp and log it in the audit log.",Must,R1,BR-058,US-052,6,GET /clients/{clientId}/mar; GET /reports/{reportCode}; POST /audit-events/exports; POST /claim-batches; POST /pay-periods/{periodId}/exports,TC-MAR-009; TC-PAY-010; TC-BIL-010; TC-RPT-002; TC-RPT-004; TC-NFR-017,Covered - open defect
OBJ-01,EP-14,FR-FAM-01,The system shall let the agency invite a family contact once client consent is recorded; the family contact sees only that client's schedule and completed visit summaries.,Could,R2,,US-053,5,GET /family/clients/{clientId}/visits,TC-FAM-001,Planned (R2)
OBJ-01,EP-14,FR-FAM-02,The system shall offer family contacts optional visit start and end notifications.,Could,R2,,US-054,5,,TC-FAM-002,Planned (R2)
OBJ-01,EP-14,FR-FAM-03,The system shall let a family contact message the client's Care Coordinator.,Could,R2,,US-053,5,POST /family/messages,TC-FAM-001,Planned (R2)
