DEF ID,Title,Module,Severity,Priority,Status,Found in,Linked TC,Linked US / FR,Root cause category,Raised date,Closed date,Resolution
DEF-004,Clock-in accepted at 12:44:30 for a 13:00 visit; the window check compared whole minutes and dropped seconds,EVV,S3,P2,Closed,SIT cycle 1,TC-EVV-001,US-025 / FR-EVV-01,Code,2026-06-01,2026-06-04,Window now compared on full UTC timestamps. BVA rows with seconds (12:44:30) added to TC-EVV-001.
DEF-007,"Back-to-back visits (09:00-11:00, then 11:00-12:00 at the same address) flagged as a caregiver overlap hard block",SCH,S2,P1,Closed,SIT cycle 1,TC-SCH-003,US-021 / FR-SCH-03,Code,2026-06-01,2026-06-03,"Visit intervals treated as half-open [start, end). Overlap and travel-buffer BVA rows (10:59, 11:00, 11:14, 11:15) added."
DEF-012,A visit of 112 min 50 s billed as 8 units: seconds were rounded up to 113 min before the 15-minute rule,BIL,S2,P1,Closed,SIT cycle 1,TC-BIL-002,US-045 / FR-BIL-02,Requirement gap,2026-06-02,2026-06-12,"BR-047 did not say how partial minutes count. BA laid out the options and the claim impact for the Product Owner and the Compliance and Privacy Officer; decision recorded in the decision log: billable minutes are whole elapsed minutes, seconds truncated. BR-047 clarified in SRS v1.2; code aligned; TC-BIL-002 row added."
DEF-014,Coordinator scoped to Lakemont South opened a Lakemont North client by a direct GET /clients/{clientId},IAM,S1,P1,Closed,SIT cycle 1,TC-IAM-006,US-009 / FR-IAM-06,Code,2026-06-02,2026-06-03,Location filter added to the client repository; a policy test now runs every location-scoped route with an out-of-scope user. Hotfix verified within the S1 SLA.
DEF-019,Holiday hours paid an overtime premium on top of the holiday premium; overtime attributed to the Monday holiday hours instead of the last hours of the workweek,PAY,S2,P1,Closed,SIT cycle 1,TC-PAY-003; TC-PAY-004,US-041 / FR-PAY-02,Code,2026-06-02,2026-06-09,Full report in defect-report-example.md. Allocation made chronological; premium = highest applicable multiplier per minute. BA added a premium-selection decision table to business-rules.md (SRS v1.2).
DEF-022,PRN dose exactly 24 hours after the oldest dose in the window was blocked; the rolling-window boundary was undefined,MAR,S3,P2,Closed,SIT cycle 1,TC-MAR-007,US-034 / FR-MAR-05,Requirement gap,2026-06-03,2026-06-12,"BA and the Clinical SME defined the rolling window as the 24 hours before the new dose, excluding a dose given exactly 24 hours earlier: (t - 24 h, t]. Note added to BR-033 in SRS v1.2; boundary rows added to TC-MAR-007."
DEF-025,Daily overtime profile also counted daily-overtime hours toward the weekly 40 hours: a 4 x 10 h + 4 h week paid 12.0 h overtime instead of 8.0 h,PAY,S2,P1,Closed,SIT cycle 1,TC-PAY-005,US-041 / FR-PAY-02,Requirement gap,2026-06-03,2026-06-12,"CR-001 added the daily profile but not its interaction with weekly overtime. BA ran a 30-minute decision session (Product Owner, Engineering Lead, Compliance and Privacy Officer): hours paid as daily OT or DT do not count toward the weekly 40 hours; no hour carries two premiums. Note added to BR-041 in SRS v1.2; engine cases PR-06 and PR-07 added."
DEF-031,Out-of-range vital alert was held until 07:00 by quiet hours,NTF,S2,P1,Closed,SIT cycle 1,TC-NTF-001; TC-MAR-008,"US-035 / FR-MAR-08, FR-NTF-02",Data,2026-06-04,2026-06-08,The provisioning seed of the notification event catalog marked VITAL_OUT_OF_RANGE as non-urgent. Seed corrected; a provisioning test now asserts the urgent flag for every BR-053 event.
DEF-033,Schedule board week view took 3.4 s at p95 with 500 visits (target 2.5 s),SCH,S2,P1,Closed,SIT cycle 1,TC-NFR-003,"US-024 / FR-SCH-06, NFR-PERF-03",Code,2026-06-05,2026-06-10,N+1 query on caregiver credential flags replaced by a batched query; k6 retest p95 2.1 s.
DEF-037,A second POST of a visit note after the 24-hour lock overwrote the narrative instead of returning 409,DOC,S2,P1,Closed,SIT cycle 2,TC-DOC-001,US-036 / FR-DOC-02,Code,2026-06-08,2026-06-10,"Lock enforced in the documentation service, not only in the UI; API returns 409 DOC_NOTE_LOCKED and directs the user to add an addendum."
DEF-040,"Schedule form showed the raw error code ""SCH_AUTHORIZATION_EXPIRED"" instead of a message",SCH,S3,P2,Closed,SIT cycle 2,TC-NFR-010,"US-021 / FR-SCH-03, NFR-USE-03",Design,2026-06-08,2026-06-11,UX Designer wrote problem-and-fix messages for every compliance-check code; a lint rule fails the build when a code has no catalog message.
DEF-044,SMS escalations failed in staging because the shared SMS test credentials were rate-limited,NTF,S3,P2,Closed,SIT cycle 2,TC-NTF-004,US-050 / FR-NTF-04,Environment,2026-06-09,2026-06-10,Staging moved to a dedicated SMS test sub-account; CI uses the SMS stub. Retry behavior retested with injected 503 responses.
DEF-050,Escalation ladder rejected a step delay of 0 minutes; pilot agencies need an immediate first step,NTF,S3,P2,Closed,UAT,TC-NTF-002,US-050 / FR-NTF-03,Requirement gap,2026-06-11,2026-06-23,SRS was silent on the minimum delay. BA confirmed with the three pilot Agency Administrators and the Product Owner: step 1 may be 0 minutes; later steps are at least 1 minute after the previous step. Acceptance note added to FR-NTF-03 in SRS v1.2 on 2026-06-12; fix in v1.0.0-rc.5; retested in UAT round 2.
DEF-051,Adult-day participant with two check-ins on one day was billed two daily charges,BIL,S2,P1,Closed,UAT,TC-BIL-005,US-045 / FR-BIL-02,Code,2026-06-11,2026-06-23,"Daily-rate pricing now groups Verified visits by client, authorization and tenant-local calendar day."
DEF-052,Overdue alert for a 20:00 dose was held by quiet hours until 07:00,MAR,S2,P1,Closed,UAT,TC-MAR-004,"US-033 / FR-MAR-04, FR-NTF-02",Requirement gap,2026-06-11,2026-06-24,"BR-053 listed ""missed dose"" as urgent but not the Overdue step of BR-030, so evening doses lost their first alert. BA, Clinical SME and Product Owner agreed every step of the dose escalation is urgent. Note added to BR-053 in SRS v1.2 on 2026-06-12; fix in v1.0.0-rc.5; evening timeline added to TC-MAR-004 and passed in UAT round 2."
DEF-053,"Supported-living proration used the previous month's day count: $6,200.00 x 21/31 = $4,200.00 instead of 21/30 = $4,340.00",BIL,S2,P1,Closed,UAT,TC-BIL-005,US-045 / FR-BIL-02,Code,2026-06-12,2026-06-24,Divisor is now the number of days in the billing month; admission and discharge months covered by engine cases.
DEF-054,Time-off impact list omitted visits on the request end date,TOF,S2,P2,Closed,UAT,TC-TOF-002,US-040 / FR-TOF-03,Code,2026-06-15,2026-06-19,End date handled as an inclusive tenant-local date.
DEF-055,Monthly MAR grid PDF cuts the day-31 column on Letter paper,MAR,S4,P3,Deferred,UAT,TC-MAR-009,US-032 / FR-MAR-09,Design,2026-06-16,,Accepted as a known issue at go/no-go on 2026-06-26. Workaround: print on Legal landscape. Planned for R1.2.
DEF-059,"At 200% font on a 5.5-inch Android 10 phone the Clock in button sits below the fold, so clock-in takes 4 interactions instead of 3",EVV,S3,P2,Deferred,UAT,TC-NFR-010,"US-025 / FR-EVV-01, NFR-USE-01",Design,2026-06-18,,"Accepted as a known issue at go/no-go. Workaround: sticky Clock in button behind a feature flag, enabled for caregivers who use large text. Next-visit card redesign planned for R1.2."
DEF-061,Open-shift lane count on the schedule board does not refresh after a claim until the page is reloaded,SCH,S4,P3,Open,UAT,TC-SCH-007,"US-023 / FR-SCH-05, FR-SCH-06",Code,2026-06-22,,Cosmetic; data is correct after refresh. Accepted at go/no-go; fix in progress for R1.2.
