Incident ID,Title,Severity,Start,Detected,Resolved,Duration,Detection method,Tenants affected,Root cause category,PIR link,CR link,CAPA status
INC-2026-002,SMS delivery delayed by SMS vendor carrier degradation,SEV-3,2026-07-08T16:20-04:00,2026-07-08T16:34-04:00,2026-07-08T18:05-04:00,1h 45m,Automated alert (notification delivery latency SLO),3,Third-party vendor,Short-form review in incident ticket,None,Closed (2 of 2)
INC-2026-004,Schedule board week view slow for largest pilot tenant,SEV-3,2026-07-14T07:05-04:00,2026-07-14T07:25-04:00,2026-07-14T13:40-04:00,6h 35m,Automated alert (SLO burn rate on NFR-PERF-03),1,Technology - database query plan,Short-form review in incident ticket,None,Closed (2 of 2)
INC-2026-007,Duplicate client invoices from concurrent billing runs,SEV-2,2026-07-21T02:00-04:00,2026-07-21T09:32-04:00,2026-07-22T15:40-04:00,37h 40m,Customer support ticket,9,Technology - concurrency and missing database constraint,incidents/INC-2026-007-duplicate-client-invoices.md,CR-005,Closed (8 of 8)
INC-2026-009,iOS push notifications failing after APNs certificate expiry,SEV-3,2026-08-03T11:00-04:00,2026-08-03T12:10-04:00,2026-08-03T16:20-04:00,5h 20m,Automated alert (error tracking spike),15,Process - certificate lifecycle not tracked,Short-form review in incident ticket,None,Closed (2 of 2)
INC-2026-010,Payment webhooks rejected after signing secret rotation,SEV-3,2026-08-11T10:15-04:00,2026-08-11T13:05-04:00,2026-08-11T14:30-04:00,4h 15m,Customer support ticket,4,Process - change management,Short-form review in incident ticket,None,Closed (2 of 2)
INC-2026-011,False Location mismatch exceptions after Caregiver app v1.6.0,SEV-2,2026-08-18T05:58-04:00,2026-08-18T16:40-04:00,2026-08-21T16:00-04:00,82h 02m,Customer report to Customer Success,11,Requirements gap; test coverage,incidents/INC-2026-011-false-location-mismatch-exceptions.md,CR-004,Closed (9 of 9)
INC-2026-013,Geocoding quota exhausted during bulk client import,SEV-3,2026-08-31T15:10-04:00,2026-08-31T15:22-04:00,2026-08-31T19:45-04:00,4h 35m,Automated alert (geocoding error rate),2,Capacity - third-party quota,Short-form review in incident ticket,None,Closed (2 of 2)
INC-2026-014,Duplicate credential reminder emails after email API timeout,SEV-4,2026-09-03T08:00-04:00,2026-09-03T10:40-04:00,2026-09-04T15:00-04:00,31h 00m,Customer support ticket,2,Technology - retry without idempotency,Short-form review in incident ticket,None,Closed (2 of 2)
INC-2026-015,Client incident escalation email sent to a deactivated user,SEV-1,2026-09-09T14:35-04:00,2026-09-09T15:28-04:00,2026-09-10T17:30-04:00,26h 55m,Customer report (agency administrator),1,Requirements gap; cached recipients,incidents/INC-2026-015-escalation-email-to-deactivated-user.md,CR-006,Closed (9 of 9)
INC-2026-016,Identity verification vendor latency above target,SEV-3,2026-09-22T07:40-04:00,2026-09-22T07:52-04:00,2026-09-22T09:10-04:00,1h 30m,Automated alert (SLO on NFR-PERF-02),6,Third-party vendor,Short-form review in incident ticket,None,Open (1 of 2)
